{
  "portfolio": {
    "AAPL": 0.0454545455,
    "AMZN": 0.0454545455,
    "COPX": 0.0454545455,
    "GLD": 0.0454545455,
    "GOOG": 0.0454545455,
    "META": 0.0454545455,
    "MSFT": 0.0454545455,
    "MU": 0.0454545455,
    "NFLX": 0.0454545455,
    "NVDA": 0.0454545455,
    "QQQ": 0.0454545455,
    "RSP": 0.0454545455,
    "SLV": 0.0454545455,
    "SPXL": 0.0454545455,
    "TSM": 0.0454545455,
    "VOO": 0.0454545455,
    "VXUS": 0.0454545455,
    "XLE": 0.0454545455,
    "XLF": 0.0454545455,
    "XLK": 0.0454545455,
    "XLP": 0.0454545455,
    "XLV": 0.0454545455
  }
}

