asset,initial_weight,final_weight
TQQQ,0.500356274109929,0.4883705289305907
SPXL,0.499643725890071,0.5116294710694093
