asset,initial_weight,final_weight
TQQQ,0.500356274109929,0.4905582892330462
SPXL,0.499643725890071,0.5094417107669539
